transaction_date,description,amount,currency
2026-01-01,Fictional Company Salary,12000.00,AED
2026-01-02,Rent Fictional Apartment,-3500.00,AED
2026-01-04,Netflix,-39.00,AED
2026-01-05,DEWA,-247.00,AED
2026-01-06,Uber,-40.00,AED
2026-01-07,Amazon,-42.00,AED
2026-01-08,Carrefour,-44.00,AED
2026-01-09,Starbucks,-46.00,AED
2026-01-10,Uber,-48.00,AED
2026-01-11,Amazon,-50.00,AED
2026-01-12,Carrefour,-52.00,AED
2026-01-13,Starbucks,-54.00,AED
2026-01-14,Uber,-56.00,AED
2026-01-15,Amazon,-58.00,AED
2026-01-16,Carrefour,-60.00,AED
2026-01-17,Starbucks,-62.00,AED
2026-01-18,Uber,-64.00,AED
2026-01-19,Amazon,-66.00,AED
2026-01-20,Carrefour,-68.00,AED
2026-01-21,Starbucks,-70.00,AED
2026-01-22,Uber,-72.00,AED
2026-01-23,Amazon,-74.00,AED
2026-01-24,Carrefour,-76.00,AED
2026-01-25,Starbucks,-78.00,AED
2026-02-01,Fictional Company Salary,12000.00,AED
2026-02-02,Rent Fictional Apartment,-3500.00,AED
2026-02-04,Netflix,-39.00,AED
2026-02-05,DEWA,-254.00,AED
2026-02-06,Uber,-43.00,AED
2026-02-07,Amazon,-45.00,AED
2026-02-08,Carrefour,-47.00,AED
2026-02-09,Starbucks,-49.00,AED
2026-02-10,Uber,-51.00,AED
2026-02-11,Amazon,-53.00,AED
2026-02-12,Carrefour,-55.00,AED
2026-02-13,Starbucks,-57.00,AED
2026-02-14,Uber,-59.00,AED
2026-02-15,Amazon,-61.00,AED
2026-02-16,Carrefour,-63.00,AED
2026-02-17,Starbucks,-65.00,AED
2026-02-18,Uber,-67.00,AED
2026-02-19,Amazon,-69.00,AED
2026-02-20,Carrefour,-71.00,AED
2026-02-21,Starbucks,-73.00,AED
2026-02-22,Uber,-75.00,AED
2026-02-23,Amazon,-77.00,AED
2026-02-24,Carrefour,-79.00,AED
2026-02-25,Starbucks,-81.00,AED
2026-03-01,Fictional Company Salary,12000.00,AED
2026-03-02,Rent Fictional Apartment,-3500.00,AED
2026-03-04,Netflix,-39.00,AED
2026-03-05,DEWA,-261.00,AED
2026-03-06,Uber,-46.00,AED
2026-03-07,Amazon,-48.00,AED
2026-03-08,Carrefour,-50.00,AED
2026-03-09,Starbucks,-52.00,AED
2026-03-10,Uber,-54.00,AED
2026-03-11,Amazon,-56.00,AED
2026-03-12,Carrefour,-58.00,AED
2026-03-13,Starbucks,-60.00,AED
2026-03-14,Uber,-62.00,AED
2026-03-15,Amazon,-64.00,AED
2026-03-16,Carrefour,-66.00,AED
2026-03-17,Starbucks,-68.00,AED
2026-03-18,Uber,-70.00,AED
2026-03-19,Amazon,-72.00,AED
2026-03-20,Carrefour,-74.00,AED
2026-03-21,Starbucks,-76.00,AED
2026-03-22,Uber,-78.00,AED
2026-03-23,Amazon,-80.00,AED
2026-03-24,Carrefour,-82.00,AED
2026-03-25,Starbucks,-84.00,AED
2026-04-01,Fictional Company Salary,12000.00,AED
2026-04-02,Rent Fictional Apartment,-3500.00,AED
2026-04-04,Netflix,-39.00,AED
2026-04-05,DEWA,-268.00,AED
2026-04-06,Uber,-49.00,AED
2026-04-07,Amazon,-51.00,AED
2026-04-08,Carrefour,-53.00,AED
2026-04-09,Starbucks,-55.00,AED
2026-04-10,Uber,-57.00,AED
2026-04-11,Amazon,-59.00,AED
2026-04-12,Carrefour,-61.00,AED
2026-04-13,Starbucks,-63.00,AED
2026-04-14,Uber,-65.00,AED
2026-04-15,Amazon,-67.00,AED
2026-04-16,Carrefour,-69.00,AED
2026-04-17,Starbucks,-71.00,AED
2026-04-18,Uber,-73.00,AED
2026-04-19,Amazon,-75.00,AED
2026-04-20,Carrefour,-77.00,AED
2026-04-21,Starbucks,-79.00,AED
2026-04-22,Uber,-81.00,AED
2026-04-23,Amazon,-83.00,AED
2026-04-24,Carrefour,-85.00,AED
2026-04-25,Starbucks,-87.00,AED
2026-05-01,Fictional Company Salary,12000.00,AED
2026-05-02,Rent Fictional Apartment,-3500.00,AED
2026-05-04,Netflix,-39.00,AED
2026-05-05,DEWA,-275.00,AED
2026-05-06,Uber,-52.00,AED
2026-05-07,Amazon,-54.00,AED
2026-05-08,Carrefour,-56.00,AED
2026-05-09,Starbucks,-58.00,AED
2026-05-10,Uber,-60.00,AED
2026-05-11,Amazon,-62.00,AED
2026-05-12,Carrefour,-64.00,AED
2026-05-13,Starbucks,-66.00,AED
2026-05-14,Uber,-68.00,AED
2026-05-15,Amazon,-70.00,AED
2026-05-16,Carrefour,-72.00,AED
2026-05-17,Starbucks,-74.00,AED
2026-05-18,Uber,-76.00,AED
2026-05-19,Amazon,-78.00,AED
2026-05-20,Carrefour,-80.00,AED
2026-05-21,Starbucks,-82.00,AED
2026-05-22,Uber,-84.00,AED
2026-05-23,Amazon,-86.00,AED
2026-05-24,Carrefour,-88.00,AED
2026-05-25,Starbucks,-90.00,AED
2026-06-01,Fictional Company Salary,12000.00,AED
2026-06-02,Rent Fictional Apartment,-3500.00,AED
2026-06-04,Netflix,-39.00,AED
2026-06-05,DEWA,-282.00,AED
2026-06-06,Uber,-55.00,AED
2026-06-07,Amazon,-57.00,AED
2026-06-08,Carrefour,-59.00,AED
2026-06-09,Starbucks,-61.00,AED
2026-06-10,Uber,-63.00,AED
2026-06-11,Amazon,-65.00,AED
2026-06-12,Carrefour,-67.00,AED
2026-06-13,Starbucks,-69.00,AED
2026-06-14,Uber,-71.00,AED
2026-06-15,Amazon,-73.00,AED
2026-06-16,Carrefour,-75.00,AED
2026-06-17,Starbucks,-77.00,AED
2026-06-18,Uber,-79.00,AED
2026-06-19,Amazon,-81.00,AED
2026-06-20,Carrefour,-83.00,AED
2026-06-21,Starbucks,-85.00,AED
2026-06-22,Uber,-87.00,AED
2026-06-23,Amazon,-89.00,AED
2026-06-24,Carrefour,-91.00,AED
2026-06-25,Starbucks,-93.00,AED
2026-07-01,Fictional Company Salary,12000.00,AED
2026-07-02,Rent Fictional Apartment,-3500.00,AED
2026-07-04,Netflix,-39.00,AED
2026-07-05,DEWA,-289.00,AED
2026-07-06,Uber,-58.00,AED
2026-07-07,Amazon,-60.00,AED
2026-07-08,Carrefour,-62.00,AED
2026-07-09,Starbucks,-64.00,AED
2026-07-10,Uber,-66.00,AED
2026-07-11,Amazon,-68.00,AED
2026-07-12,Carrefour,-70.00,AED
2026-07-13,Starbucks,-72.00,AED
2026-07-14,Uber,-74.00,AED
2026-07-15,Amazon,-76.00,AED
2026-07-16,Carrefour,-78.00,AED
2026-07-17,Starbucks,-80.00,AED
2026-07-18,Uber,-82.00,AED
2026-07-19,Amazon,-84.00,AED
2026-07-20,Carrefour,-86.00,AED
2026-07-21,Starbucks,-88.00,AED
2026-07-22,Uber,-90.00,AED
2026-07-23,Amazon,-92.00,AED
2026-07-24,Carrefour,-94.00,AED
2026-07-25,Starbucks,-96.00,AED
2026-08-01,Fictional Company Salary,12000.00,AED
2026-08-02,Rent Fictional Apartment,-3500.00,AED
2026-08-04,Netflix,-39.00,AED
2026-08-05,DEWA,-296.00,AED
2026-08-06,Uber,-61.00,AED
2026-08-07,Amazon,-63.00,AED
2026-08-08,Carrefour,-65.00,AED
2026-08-09,Starbucks,-67.00,AED
2026-08-10,Uber,-69.00,AED
2026-08-11,Amazon,-71.00,AED
2026-08-12,Carrefour,-73.00,AED
2026-08-13,Starbucks,-75.00,AED
2026-08-14,Uber,-77.00,AED
2026-08-15,Amazon,-79.00,AED
2026-08-16,Carrefour,-81.00,AED
2026-08-17,Starbucks,-83.00,AED
2026-08-18,Uber,-85.00,AED
2026-08-19,Amazon,-87.00,AED
2026-08-20,Carrefour,-89.00,AED
2026-08-21,Starbucks,-91.00,AED
2026-08-22,Uber,-93.00,AED
2026-08-23,Amazon,-95.00,AED
2026-08-24,Carrefour,-97.00,AED
2026-08-25,Starbucks,-99.00,AED
2026-08-27,Amazon,-1800.00,AED
